num_experts,num_gpus,num_local_experts,topk,hidden_size,intermediate_size,seq_len_per_gpu,tokens_per_expert,up_proj_us,up_mfu,down_proj_us,down_mfu
96,1,96,8,2048,1560,1024,85,637.06,0.618,332.791,0.545
96,1,96,8,2048,1560,4096,341,1938,0.772,1029.000,0.731
96,1,96,8,2048,1560,8192,683,3681,0.842,1834.000,0.803
96,1,96,8,2048,1560,16384,1365,6828,0.872,3520.000,0.840
96,1,96,8,2048,1560,32768,2731,13458,0.892,6877.000,0.857
96,4,24,8,2048,1560,1024,341,524.547,0.758,287.183,0.689
96,4,24,8,2048,1560,4096,1365,1804,0.860,950.386,0.835
96,4,24,8,2048,1560,8192,2731,3534,0.889,1713.000,0.849
96,4,24,8,2048,1560,16384,5461,6655,0.897,3411.000,0.869
96,4,24,8,2048,1560,32768,10923,13154,0.906,6632.000,0.875
96,8,12,8,2048,1560,1024,683,462.712,0.828,246.416,0.745
96,8,12,8,2048,1560,4096,2731,1732,0.877,849.363,0.849
96,8,12,8,2048,1560,8192,5461,3343,0.897,1674.000,0.863
96,8,12,8,2048,1560,16384,10923,6559,0.904,3495.000,0.871
96,8,12,8,2048,1560,32768,21845,13724,0.909,7078.000,0.878
96,16,6,8,2048,1560,1024,1365,460.969,0.815,246.003,0.769
96,16,6,8,2048,1560,4096,5461,1544,0.888,909.514,0.858
96,16,6,8,2048,1560,8192,10923,3126,0.898,1858.000,0.873
96,16,6,8,2048,1560,16384,21845,7233,0.907,3771.000,0.878
96,16,6,8,2048,1560,32768,43691,15455,0.910,7018.000,0.881
96,24,4,8,2048,1560,1024,2048,486.773,0.874,246.113,0.821
96,24,4,8,2048,1560,4096,8192,1642,0.890,948.291,0.857
96,24,4,8,2048,1560,8192,16384,3154,0.903,1848.000,0.870
96,24,4,8,2048,1560,16384,32768,6973,0.908,3829.000,0.879
96,24,4,8,2048,1560,32768,65536,13688,0.910,6096.000,0.882
112,1,112,6,2560,1664,1024,55,716.613,0.513,350.547,0.493
112,1,112,6,2560,1664,4096,219,1964,0.710,1046.000,0.674
112,1,112,6,2560,1664,8192,439,3518,0.802,1787.000,0.784
112,1,112,6,2560,1664,16384,878,6426,0.862,3354.000,0.835
112,1,112,6,2560,1664,32768,1755,12843,0.890,6622.000,0.866
112,4,28,6,2560,1664,1024,219,507.591,0.702,266.649,0.641
112,4,28,6,2560,1664,4096,878,1634,0.832,847.327,0.821
112,4,28,6,2560,1664,8192,1755,3164,0.892,1649.000,0.859
112,4,28,6,2560,1664,16384,3511,6227,0.904,3210.000,0.878
112,4,28,6,2560,1664,32768,7022,13232,0.912,6653.000,0.887
112,8,14,6,2560,1664,1024,439,506.449,0.755,246.640,0.710
112,8,14,6,2560,1664,4096,1755,1584,0.881,787.013,0.843
112,8,14,6,2560,1664,8192,3511,3135,0.901,1570.000,0.873
112,8,14,6,2560,1664,16384,7022,6497,0.909,3233.000,0.885
112,8,14,6,2560,1664,32768,14043,12543,0.914,6115.000,0.891
112,16,7,6,2560,1664,1024,878,392.399,0.807,226.786,0.741
112,16,7,6,2560,1664,4096,3511,1644,0.892,867.806,0.872
112,16,7,6,2560,1664,8192,7022,3251,0.903,1566.000,0.872
112,16,7,6,2560,1664,16384,14043,6080,0.915,3046.000,0.889
112,16,7,6,2560,1664,32768,28087,12175,0.917,5934.000,0.894
160,1,160,6,5120,1664,1024,38,1343,0.526,742.787,0.461
160,1,160,6,5120,1664,4096,154,4377,0.654,2306.000,0.600
160,1,160,6,5120,1664,8192,307,7038,0.787,3722.000,0.750
160,1,160,6,5120,1664,16384,614,13712,0.846,6849.000,0.812
160,1,160,6,5120,1664,32768,1229,26054,0.891,13200.000,0.849
160,4,40,6,5120,1664,1024,154,1162,0.627,607.547,0.597
160,4,40,6,5120,1664,4096,614,3280,0.851,1729.000,0.806
160,4,40,6,5120,1664,8192,1229,6725,0.886,3340.000,0.844
160,4,40,6,5120,1664,16384,2458,12302,0.909,6434.000,0.871
160,4,40,6,5120,1664,32768,4915,25172,0.922,12760.000,0.883
160,8,20,6,5120,1664,1024,307,942.716,0.762,508.122,0.717
160,8,20,6,5120,1664,4096,1229,3399,0.877,1612.000,0.841
160,8,20,6,5120,1664,8192,2458,6509,0.906,3066.000,0.862
160,8,20,6,5120,1664,16384,4915,11444,0.921,6387.000,0.885
160,8,20,6,5120,1664,32768,9830,24564,0.927,13352.000,0.890
160,16,10,6,5120,1664,1024,614,883.416,0.837,466.603,0.787
160,16,10,6,5120,1664,4096,2458,3291,0.907,1550.000,0.868
160,16,10,6,5120,1664,8192,4915,6135,0.919,3313.000,0.881
160,16,10,6,5120,1664,16384,9830,13492,0.926,6519.000,0.888
160,16,10,6,5120,1664,32768,19661,25917,0.930,11993.000,0.893
160,32,5,6,5120,1664,1024,1229,884.304,0.837,407.666,0.824
160,32,5,6,5120,1664,4096,4915,3228,0.909,1752.000,0.880
160,32,5,6,5120,1664,8192,9830,5106,0.916,2712.000,0.885
160,32,5,6,5120,1664,16384,19661,12626,0.930,5979.000,0.892
160,32,5,6,5120,1664,32768,39322,23372,0.931,14191.000,0.896
160,40,4,6,5120,1664,1024,1536,885.206,0.882,387.067,0.851
112,1,112,6,2048,912,1024,55,378.786,0.477,176.286,0.482
112,1,112,6,2048,912,4096,219,978.153,0.702,514.938,0.674
112,1,112,6,2048,912,8192,439,1758,0.790,897.936,0.768
112,1,112,6,2048,912,16384,878,3209,0.850,1699.000,0.812
112,1,112,6,2048,912,32768,1755,6414,0.878,3354.000,0.842
112,4,28,6,2048,912,1024,219,266.28,0.659,142.943,0.589
112,4,28,6,2048,912,4096,878,817.745,0.818,431.423,0.794
112,4,28,6,2048,912,8192,1755,1595,0.872,842.057,0.828
112,4,28,6,2048,912,16384,3511,3129,0.886,1636.000,0.848
112,4,28,6,2048,912,32768,7022,6620,0.897,3388.000,0.857
112,8,14,6,2048,912,1024,439,245.687,0.767,130.523,0.660
112,8,14,6,2048,912,4096,1755,799.601,0.859,406.090,0.804
112,8,14,6,2048,912,8192,3511,1573,0.884,797.850,0.846
112,8,14,6,2048,912,16384,7022,3251,0.894,1649.000,0.854
112,8,14,6,2048,912,32768,14043,6265,0.900,3103.000,0.864
112,16,7,6,2048,912,1024,878,197.621,0.789,118.541,0.698
112,16,7,6,2048,912,4096,3511,825.171,0.875,445.255,0.837
112,16,7,6,2048,912,8192,7022,1617,0.894,796.005,0.845
112,16,7,6,2048,912,16384,14043,3047,0.899,1547.000,0.862
112,16,7,6,2048,912,32768,28087,6077,0.904,3016.000,0.866
128,1,128,8,2048,768,1024,64,388.517,0.461,195.784,0.435
128,1,128,8,2048,768,4096,256,954.94,0.721,529.237,0.667
128,1,128,8,2048,768,8192,512,1740,0.783,920.659,0.744
128,1,128,8,2048,768,16384,1024,3301,0.834,1798.000,0.782
128,1,128,8,2048,768,32768,2048,6568,0.857,3384.000,0.808
128,4,32,8,2048,768,1024,256,269.313,0.645,142.146,0.617
128,4,32,8,2048,768,4096,1024,917.182,0.821,464.153,0.770
128,4,32,8,2048,768,8192,2048,1660,0.849,847.618,0.801
128,4,32,8,2048,768,16384,4096,3261,0.870,1688.000,0.815
128,4,32,8,2048,768,32768,8192,6236,0.876,3340.000,0.826
128,8,16,8,2048,768,1024,512,245.46,0.692,132.029,0.695
128,8,16,8,2048,768,4096,2048,869.158,0.840,456.530,0.799
128,8,16,8,2048,768,8192,4096,1637,0.864,858.265,0.810
128,8,16,8,2048,768,16384,8192,3169,0.874,1627.000,0.824
128,8,16,8,2048,768,32768,16384,6142,0.880,3384.000,0.832
128,16,8,8,2048,768,1024,1024,221.005,0.811,131.826,0.723
128,16,8,8,2048,768,4096,4096,868.842,0.847,455.903,0.806
128,16,8,8,2048,768,8192,8192,1658,0.865,836.249,0.816
128,16,8,8,2048,768,16384,16384,3195,0.875,1730.000,0.829
128,16,8,8,2048,768,32768,32768,6479,0.881,3166.000,0.834
128,1,128,8,4096,1536,1024,64,1471,0.486941,663.757,0.513251
128,1,128,8,4096,1536,4096,256,3720,0.740128,1900,0.743005
128,1,128,8,4096,1536,8192,512,6811,0.799904,3367,0.813204
128,1,128,8,4096,1536,16384,1024,12928,0.851696,6630,0.848427
128,1,128,8,4096,1536,32768,2048,25685,0.876618,12542,0.871574
128,4,32,8,4096,1536,1024,256,982.858,0.707331,486.675,0.720966
128,4,32,8,4096,1536,4096,1024,3568,0.844121,1685,0.84886
128,4,32,8,4096,1536,8192,2048,6457,0.87341,3130,0.867241
128,4,32,8,4096,1536,16384,4096,12739,0.890427,6264,0.878767
128,4,32,8,4096,1536,32768,8192,24420,0.895032,12443,0.887035
128,8,16,8,4096,1536,1024,512,893.773,0.759664,460.418,0.797074
128,8,16,8,4096,1536,4096,2048,3374,0.865139,1682,0.867383
128,8,16,8,4096,1536,8192,4096,6376,0.88752,3164,0.878747
128,8,16,8,4096,1536,16384,8192,12376,0.895633,6047,0.886738
128,8,16,8,4096,1536,32768,16384,24088,0.897951,12628,0.891845
128,16,8,8,4096,1536,1024,1024,851.814,0.8413,462.121,0.824953
128,16,8,8,4096,1536,4096,4096,3346,0.879494,1686,0.871553
128,16,8,8,4096,1536,8192,8192,6450,0.889794,3088,0.883414
128,16,8,8,4096,1536,16384,16384,12478,0.896577,6436,0.891828
128,16,8,8,4096,1536,32768,32768,25383,0.899062,11819,0.893962
256,1,256,8,2048,512,4096,128,815.214,0.816531,392.605,0.88238
256,1,256,8,2048,512,8192,256,1408,0.83345,671.711,0.865414
256,1,256,8,2048,512,16384,512,2554,0.830889,1235,0.838585
256,1,256,8,2048,512,32768,1024,4727,0.830712,2316,0.841093
256,1,256,8,2048,512,65536,2048,9283,0.832533,4635,0.833505
256,8,256,6,7168,384,4096,96,4491.317,0.43598,3085.757,0.31729
256,2,256,8,3072,512,4096,128,1218.0,0.819763,570.515,0.910827
512,1,512,10,2048,512,4096,80,1233.0,0.753156,597.824,0.776685
512,1,512,10,2048,512,8192,160,2201.0,0.772143,1023.0,0.820001
512,1,512,10,2048,512,16384,320,3637.0,0.764998,1762.0,0.783867
512,1,512,10,2048,512,32768,640,6590.0,0.763758,3311.0,0.773214
512,2,256,10,2048,512,4096,160,1089.0,0.777799,538.469,0.794931
512,2,256,10,2048,512,8192,320,1818.0,0.761218,874.804,0.777497
512,2,256,10,2048,512,16384,640,3383.0,0.757562,1611.0,0.766708
512,2,256,10,2048,512,32768,1280,6552.0,0.758499,3187.0,0.764884
512,4,128,10,2048,512,1024,80,317.922,0.730243,164.308,0.706479
512,4,128,10,2048,512,4096,320,903.893,0.752476,456.906,0.756217
512,4,128,10,2048,512,8192,640,1682.0,0.753754,829.598,0.761927
512,4,128,10,2048,512,16384,1280,3267.0,0.75115,1639.0,0.758036
512,4,128,10,2048,512,32768,2560,6453.0,0.755801,3141.0,0.759339
512,8,64,10,2048,512,1024,160,316.18,0.688375,142.636,0.743883
512,8,64,10,2048,512,4096,640,875.175,0.729501,422.481,0.755586
512,8,64,10,2048,512,8192,1280,1561.0,0.743627,797.15,0.755399
512,8,64,10,2048,512,16384,2560,3174.0,0.753159,1616.0,0.75704
512,8,64,10,2048,512,32768,5120,5948.0,0.757458,3107.0,0.753931
512,16,32,10,2048,512,1024,320,253.765,0.671853,128.08,0.708055
512,16,32,10,2048,512,4096,1280,784.052,0.751825,408.316,0.744041
512,16,32,10,2048,512,8192,2560,1589.0,0.745362,812.439,0.74788
512,16,32,10,2048,512,16384,5120,3090.0,0.755437,1574.0,0.753042
512,16,32,10,2048,512,32768,10240,6359.0,0.754994,3158.0,0.759272
