num_experts,num_gpus,num_local_experts,topk,hidden_size,intermediate_size,batch_size_per_gpu,tokens_per_expert,up_proj_us,up_mfu,down_proj_us,down_mfu,total_latency_us,total_mfu,kernel_kind,backend,activation_dtype,weight_dtype,mfu_peak_tflops,tp_size,ep_size,tune_max_num_tokens,execution_mode,active_experts,max_tokens_per_expert,routing_mode,swiglu_limit
96,1,96,8,2048,1560,16,1,166.63,0.011,98.115,0.010,,,,,,,,,,,,,,,
96,1,96,8,2048,1560,32,3,350.09,0.031,187.860,0.031,,,,,,,,,,,,,,,
96,1,96,8,2048,1560,64,5,350.806,0.057,188.355,0.055,,,,,,,,,,,,,,,
96,1,96,8,2048,1560,128,11,350.354,0.135,188.479,0.119,,,,,,,,,,,,,,,
96,1,96,8,2048,1560,256,21,350.001,0.263,188.455,0.237,,,,,,,,,,,,,,,
96,1,96,8,2048,1560,512,43,350.051,0.543,188.769,0.484,,,,,,,,,,,,,,,
96,4,24,8,2048,1560,16,5,97.464,0.050,51.624,0.044,,,,,,,,,,,,,,,
96,4,24,8,2048,1560,32,11,97.428,0.121,51.754,0.113,,,,,,,,,,,,,,,
96,4,24,8,2048,1560,64,21,97.302,0.231,51.657,0.222,,,,,,,,,,,,,,,
96,4,24,8,2048,1560,128,43,97.673,0.476,51.685,0.447,,,,,,,,,,,,,,,
96,4,24,8,2048,1560,256,85,176.898,0.522,88.611,0.529,,,,,,,,,,,,,,,
96,4,24,8,2048,1560,512,171,317.925,0.578,165.910,0.587,,,,,,,,,,,,,,,
96,8,12,8,2048,1560,16,11,47.327,0.116,28.718,0.098,,,,,,,,,,,,,,,
96,8,12,8,2048,1560,32,21,47.322,0.254,28.643,0.216,,,,,,,,,,,,,,,
96,8,12,8,2048,1560,64,43,47.232,0.460,28.648,0.406,,,,,,,,,,,,,,,
96,8,12,8,2048,1560,128,85,86.247,0.540,46.945,0.480,,,,,,,,,,,,,,,
96,8,12,8,2048,1560,256,171,161.335,0.627,90.435,0.531,,,,,,,,,,,,,,,
96,8,12,8,2048,1560,512,341,312.978,0.591,163.153,0.611,,,,,,,,,,,,,,,
96,16,6,8,2048,1560,16,21,25.975,0.215,16.014,0.194,,,,,,,,,,,,,,,
96,16,6,8,2048,1560,32,43,26.098,0.425,16.031,0.409,,,,,,,,,,,,,,,
96,16,6,8,2048,1560,64,85,46.274,0.529,26.012,0.436,,,,,,,,,,,,,,,
96,16,6,8,2048,1560,128,171,83.306,0.600,45.706,0.522,,,,,,,,,,,,,,,
96,16,6,8,2048,1560,256,341,158.608,0.533,65.600,0.641,,,,,,,,,,,,,,,
96,16,6,8,2048,1560,512,683,275.421,0.738,133.209,0.659,,,,,,,,,,,,,,,
96,24,4,8,2048,1560,16,32,19.956,0.307,12.560,0.246,,,,,,,,,,,,,,,
96,24,4,8,2048,1560,32,64,27.123,0.407,19.911,0.264,,,,,,,,,,,,,,,
96,24,4,8,2048,1560,64,128,60.826,0.430,33.236,0.366,,,,,,,,,,,,,,,
96,24,4,8,2048,1560,128,256,110.693,0.435,60.349,0.392,,,,,,,,,,,,,,,
96,24,4,8,2048,1560,256,512,151.212,0.608,88.788,0.659,,,,,,,,,,,,,,,
96,24,4,8,2048,1560,512,1024,259.161,0.663,116.930,0.678,,,,,,,,,,,,,,,
96,32,3,8,2048,1560,16,43,15.202,0.376,10.227,0.275,,,,,,,,,,,,,,,
96,32,3,8,2048,1560,32,85,24.41,0.474,14.966,0.365,,,,,,,,,,,,,,,
96,32,3,8,2048,1560,64,171,43.531,0.513,24.619,0.476,,,,,,,,,,,,,,,
96,32,3,8,2048,1560,128,341,82.334,0.576,45.250,0.446,,,,,,,,,,,,,,,
96,32,3,8,2048,1560,256,683,158.763,0.584,67.833,0.716,,,,,,,,,,,,,,,
96,32,3,8,2048,1560,512,1365,236.214,0.835,130.221,0.644,,,,,,,,,,,,,,,
96,48,2,8,2048,1560,16,64,19.181,0.334,12.915,0.275,,,,,,,,,,,,,,,
96,48,2,8,2048,1560,32,128,32.692,0.403,19.364,0.312,,,,,,,,,,,,,,,
96,48,2,8,2048,1560,64,256,31.653,0.631,18.784,0.580,,,,,,,,,,,,,,,
96,48,2,8,2048,1560,128,512,84.485,0.533,59.950,0.363,,,,,,,,,,,,,,,
96,48,2,8,2048,1560,256,1024,150.246,0.676,88.214,0.605,,,,,,,,,,,,,,,
96,48,2,8,2048,1560,512,2048,223.092,0.805,144.062,0.715,,,,,,,,,,,,,,,
96,96,1,8,2048,1560,16,128,18.524,0.331,8.125,0.346,,,,,,,,,,,,,,,
96,96,1,8,2048,1560,32,256,31.965,0.452,19.082,0.337,,,,,,,,,,,,,,,
96,96,1,8,2048,1560,64,512,57.877,0.455,18.279,0.518,,,,,,,,,,,,,,,
96,96,1,8,2048,1560,128,1024,84.51,0.672,59.705,0.428,,,,,,,,,,,,,,,
96,96,1,8,2048,1560,256,2048,150.053,0.656,87.914,0.684,,,,,,,,,,,,,,,
96,96,1,8,2048,1560,512,4096,258.888,0.771,115.857,0.635,,,,,,,,,,,,,,,
112,1,112,6,2560,1664,16,1,298.272,0.012,153.423,0.011,,,,,,,,,,,,,,,
112,1,112,6,2560,1664,32,2,505.519,0.019,265.289,0.018,,,,,,,,,,,,,,,
112,1,112,6,2560,1664,64,3,506.481,0.032,264.904,0.031,,,,,,,,,,,,,,,
112,1,112,6,2560,1664,128,7,508.285,0.083,265.118,0.079,,,,,,,,,,,,,,,
112,1,112,6,2560,1664,256,14,508.24,0.170,264.715,0.162,,,,,,,,,,,,,,,
112,1,112,6,2560,1664,512,27,505.626,0.337,265.577,0.317,,,,,,,,,,,,,,,
112,4,28,6,2560,1664,16,3,180.01,0.021,73.268,0.028,,,,,,,,,,,,,,,
112,4,28,6,2560,1664,32,7,133.969,0.082,73.53,0.072,,,,,,,,,,,,,,,
112,4,28,6,2560,1664,64,14,133.894,0.167,73.411,0.146,,,,,,,,,,,,,,,
112,4,28,6,2560,1664,128,27,134.131,0.301,73.238,0.298,,,,,,,,,,,,,,,
112,4,28,6,2560,1664,256,55,165.261,0.533,105.479,0.437,,,,,,,,,,,,,,,
112,4,28,6,2560,1664,512,110,306.863,0.577,150.154,0.542,,,,,,,,,,,,,,,
112,8,14,6,2560,1664,16,7,69.65,0.078,39.973,0.060,,,,,,,,,,,,,,,
112,8,14,6,2560,1664,32,14,69.716,0.159,40.004,0.141,,,,,,,,,,,,,,,
112,8,14,6,2560,1664,64,27,69.634,0.316,39.9,0.273,,,,,,,,,,,,,,,
112,8,14,6,2560,1664,128,55,99.843,0.466,50.614,0.452,,,,,,,,,,,,,,,
112,8,14,6,2560,1664,256,110,156.38,0.563,87.054,0.531,,,,,,,,,,,,,,,
112,8,14,6,2560,1664,512,219,292.226,0.581,154.976,0.593,,,,,,,,,,,,,,,
112,16,7,6,2560,1664,16,14,37.256,0.172,22.439,0.122,,,,,,,,,,,,,,,
112,16,7,6,2560,1664,32,27,37.263,0.292,22.415,0.271,,,,,,,,,,,,,,,
112,16,7,6,2560,1664,64,55,52.605,0.453,30.014,0.382,,,,,,,,,,,,,,,
112,16,7,6,2560,1664,128,110,65.782,0.599,52.2,0.456,,,,,,,,,,,,,,,
112,16,7,6,2560,1664,256,219,160.956,0.584,95.09,0.474,,,,,,,,,,,,,,,
112,16,7,6,2560,1664,512,439,290.408,0.620,154.062,0.589,,,,,,,,,,,,,,,
112,56,2,6,2560,1664,16,48,13.987,0.403,9.692,0.276,,,,,,,,,,,,,,,
112,56,2,6,2560,1664,32,96,21.901,0.528,14.399,0.442,,,,,,,,,,,,,,,
112,56,2,6,2560,1664,64,192,38.175,0.529,22.571,0.435,,,,,,,,,,,,,,,
112,56,2,6,2560,1664,128,384,76.391,0.637,45.119,0.479,,,,,,,,,,,,,,,
112,56,2,6,2560,1664,256,768,147.637,0.655,82.489,0.626,,,,,,,,,,,,,,,
112,56,2,6,2560,1664,512,1536,195.278,0.772,108.301,0.613,,,,,,,,,,,,,,,
112,112,1,6,2560,1664,16,96,13.376,0.370,9.148,0.305,,,,,,,,,,,,,,,
112,112,1,6,2560,1664,32,192,29.284,0.488,11.114,0.388,,,,,,,,,,,,,,,
112,112,1,6,2560,1664,64,384,52.372,0.509,17.614,0.458,,,,,,,,,,,,,,,
112,112,1,6,2560,1664,128,768,52.191,0.726,56.016,0.454,,,,,,,,,,,,,,,
112,112,1,6,2560,1664,256,1536,146.819,0.633,81.845,0.647,,,,,,,,,,,,,,,
112,112,1,6,2560,1664,512,3072,194.771,0.822,133.871,0.790,,,,,,,,,,,,,,,
160,1,160,6,5120,1664,16,1,627.259,0.013,396.651,0.012,,,,,,,,,,,,,,,
160,1,160,6,5120,1664,32,1,658.443,0.013,354.855,0.012,,,,,,,,,,,,,,,
160,1,160,6,5120,1664,64,2,1364,0.020,736.634,0.018,,,,,,,,,,,,,,,
160,1,160,6,5120,1664,128,5,1364,0.060,736.953,0.056,,,,,,,,,,,,,,,
160,1,160,6,5120,1664,256,10,1364,0.127,737.111,0.121,,,,,,,,,,,,,,,
160,1,160,6,5120,1664,512,19,1365,0.253,738.497,0.232,,,,,,,,,,,,,,,
160,4,40,6,5120,1664,16,2,344.854,0.019,193.844,0.019,,,,,,,,,,,,,,,
160,4,40,6,5120,1664,32,5,345.357,0.060,193.685,0.054,,,,,,,,,,,,,,,
160,4,40,6,5120,1664,64,10,344.324,0.125,193.997,0.112,,,,,,,,,,,,,,,
160,4,40,6,5120,1664,128,19,344.582,0.256,194.466,0.217,,,,,,,,,,,,,,,
160,4,40,6,5120,1664,256,38,344.174,0.496,194.080,0.445,,,,,,,,,,,,,,,
160,4,40,6,5120,1664,512,77,655.398,0.552,327.042,0.527,,,,,,,,,,,,,,,
160,8,20,6,5120,1664,16,5,189.852,0.055,105.572,0.046,,,,,,,,,,,,,,,
160,8,20,6,5120,1664,32,10,189.996,0.118,105.557,0.102,,,,,,,,,,,,,,,
160,8,20,6,5120,1664,64,19,189.934,0.204,105.469,0.194,,,,,,,,,,,,,,,
160,8,20,6,5120,1664,128,38,189.938,0.441,105.399,0.421,,,,,,,,,,,,,,,
160,8,20,6,5120,1664,256,77,358.6,0.471,191.993,0.487,,,,,,,,,,,,,,,
160,8,20,6,5120,1664,512,154,663.041,0.551,358.057,0.489,,,,,,,,,,,,,,,
160,16,10,6,5120,1664,16,10,97.642,0.104,56.214,0.085,,,,,,,,,,,,,,,
160,16,10,6,5120,1664,32,19,97.716,0.190,56.071,0.191,,,,,,,,,,,,,,,
160,16,10,6,5120,1664,64,38,97.686,0.469,56.139,0.395,,,,,,,,,,,,,,,
160,16,10,6,5120,1664,128,77,182.01,0.489,90.584,0.469,,,,,,,,,,,,,,,
160,16,10,6,5120,1664,256,154,335.913,0.522,175.676,0.499,,,,,,,,,,,,,,,
160,16,10,6,5120,1664,512,307,567.034,0.598,338.584,0.545,,,,,,,,,,,,,,,
160,32,5,6,5120,1664,16,19,48.125,0.230,30.264,0.185,,,,,,,,,,,,,,,
160,32,5,6,5120,1664,32,38,48.12,0.452,30.277,0.399,,,,,,,,,,,,,,,
160,32,5,6,5120,1664,64,77,87.863,0.473,50.741,0.396,,,,,,,,,,,,,,,
160,32,5,6,5120,1664,128,154,169.742,0.461,90.764,0.501,,,,,,,,,,,,,,,
160,32,5,6,5120,1664,256,307,334.03,0.568,132.284,0.574,,,,,,,,,,,,,,,
160,32,5,6,5120,1664,512,614,473.988,0.726,256.662,0.636,,,,,,,,,,,,,,,
160,40,4,6,5120,1664,16,24,39.91,0.234,25.449,0.208,,,,,,,,,,,,,,,
160,40,4,6,5120,1664,32,48,39.841,0.569,25.396,0.379,,,,,,,,,,,,,,,
160,40,4,6,5120,1664,64,96,71.237,0.671,42.282,0.546,,,,,,,,,,,,,,,
160,40,4,6,5120,1664,128,192,134.49,0.710,78.946,0.551,,,,,,,,,,,,,,,
160,40,4,6,5120,1664,256,384,269.864,0.698,106.072,0.746,,,,,,,,,,,,,,,
160,40,4,6,5120,1664,512,768,474.107,0.775,271.676,0.672,,,,,,,,,,,,,,,
160,80,2,6,5120,1664,16,48,22.147,0.437,15.037,0.368,,,,,,,,,,,,,,,
160,80,2,6,5120,1664,32,96,37.581,0.604,23.079,0.456,,,,,,,,,,,,,,,
160,80,2,6,5120,1664,64,192,69.745,0.723,41.532,0.485,,,,,,,,,,,,,,,
160,80,2,6,5120,1664,128,384,145.324,0.646,76.913,0.698,,,,,,,,,,,,,,,
160,80,2,6,5120,1664,256,768,285.755,0.624,135.587,0.688,,,,,,,,,,,,,,,
160,80,2,6,5120,1664,512,1536,379.418,0.769,213.147,0.750,,,,,,,,,,,,,,,
160,160,1,6,5120,1664,16,96,21.464,0.429,14.280,0.343,,,,,,,,,,,,,,,
160,160,1,6,5120,1664,32,192,28.46,0.591,22.476,0.356,,,,,,,,,,,,,,,
160,160,1,6,5120,1664,64,384,98.176,0.517,31.616,0.670,,,,,,,,,,,,,,,
160,160,1,6,5120,1664,128,768,191.812,0.489,82.432,0.538,,,,,,,,,,,,,,,
160,160,1,6,5120,1664,256,1536,285.266,0.657,134.976,0.700,,,,,,,,,,,,,,,
160,160,1,6,5120,1664,512,3072,472.756,0.881,301.659,0.736,,,,,,,,,,,,,,,
112,1,112,6,2048,912,16,1,155.463,0.011,90.970,0.010,,,,,,,,,,,,,,,
112,1,112,6,2048,912,32,2,259.818,0.018,148.105,0.016,,,,,,,,,,,,,,,
112,1,112,6,2048,912,64,3,260.313,0.031,148.369,0.027,,,,,,,,,,,,,,,
112,1,112,6,2048,912,128,7,260.046,0.080,148.299,0.070,,,,,,,,,,,,,,,
112,1,112,6,2048,912,256,14,259.889,0.163,148.176,0.142,,,,,,,,,,,,,,,
112,1,112,6,2048,912,512,27,259.893,0.322,147.861,0.281,,,,,,,,,,,,,,,
112,4,28,6,2048,912,16,3,71.448,0.026,42.077,0.024,,,,,,,,,,,,,,,
112,4,28,6,2048,912,32,7,71.665,0.075,41.979,0.062,,,,,,,,,,,,,,,
112,4,28,6,2048,912,64,14,71.603,0.154,42.123,0.125,,,,,,,,,,,,,,,
112,4,28,6,2048,912,128,27,71.851,0.276,42.073,0.256,,,,,,,,,,,,,,,
112,4,28,6,2048,912,256,55,95.69,0.453,55.962,0.406,,,,,,,,,,,,,,,
112,4,28,6,2048,912,512,110,177.085,0.492,84.134,0.476,,,,,,,,,,,,,,,
112,8,14,6,2048,912,16,7,36.739,0.073,22.177,0.054,,,,,,,,,,,,,,,
112,8,14,6,2048,912,32,14,36.822,0.149,22.172,0.125,,,,,,,,,,,,,,,
112,8,14,6,2048,912,64,27,36.929,0.293,22.115,0.242,,,,,,,,,,,,,,,
112,8,14,6,2048,912,128,55,46.713,0.490,26.979,0.417,,,,,,,,,,,,,,,
112,8,14,6,2048,912,256,110,85.947,0.504,47.168,0.482,,,,,,,,,,,,,,,
112,8,14,6,2048,912,512,219,160.227,0.521,84.976,0.532,,,,,,,,,,,,,,,
112,16,7,6,2048,912,16,14,22.514,0.140,13.594,0.099,,,,,,,,,,,,,,,
112,16,7,6,2048,912,32,27,22.371,0.239,13.646,0.219,,,,,,,,,,,,,,,
112,16,7,6,2048,912,64,55,29.556,0.397,18.038,0.313,,,,,,,,,,,,,,,
112,16,7,6,2048,912,128,110,34.811,0.557,28.707,0.408,,,,,,,,,,,,,,,
112,16,7,6,2048,912,256,219,93.295,0.496,51.353,0.432,,,,,,,,,,,,,,,
112,16,7,6,2048,912,512,439,158.847,0.558,83.864,0.532,,,,,,,,,,,,,,,
112,56,2,6,2048,912,16,48,9.378,0.296,7.059,0.187,,,,,,,,,,,,,,,
112,56,2,6,2048,912,32,96,13.116,0.434,8.844,0.354,,,,,,,,,,,,,,,
112,56,2,6,2048,912,64,192,29.284,0.340,17.134,0.282,,,,,,,,,,,,,,,
112,56,2,6,2048,912,128,384,52.625,0.455,23.839,0.446,,,,,,,,,,,,,,,
112,56,2,6,2048,912,256,768,76.599,0.621,41.796,0.608,,,,,,,,,,,,,,,
112,56,2,6,2048,912,512,1536,106.623,0.696,58.450,0.559,,,,,,,,,,,,,,,
112,112,1,6,2048,912,16,96,8.972,0.272,6.363,0.216,,,,,,,,,,,,,,,
112,112,1,6,2048,912,32,192,17.231,0.408,7.076,0.300,,,,,,,,,,,,,,,
112,112,1,6,2048,912,64,384,28.698,0.457,9.986,0.397,,,,,,,,,,,,,,,
112,112,1,6,2048,912,128,768,28.079,0.664,28.942,0.433,,,,,,,,,,,,,,,
112,112,1,6,2048,912,256,1536,76.4,0.599,41.882,0.623,,,,,,,,,,,,,,,
112,112,1,6,2048,912,512,3072,105.857,0.745,74.923,0.695,,,,,,,,,,,,,,,
128,1,128,8,2048,768,16,1,117.565,0.010,82.431,0.009,,,,,,,,,,,,,,,
128,1,128,8,2048,768,32,2,234.777,0.018,140.903,0.015,,,,,,,,,,,,,,,
128,1,128,8,2048,768,64,4,235.011,0.039,140.879,0.034,,,,,,,,,,,,,,,
128,1,128,8,2048,768,128,8,234.503,0.087,140.621,0.071,,,,,,,,,,,,,,,
128,1,128,8,2048,768,256,16,234.659,0.175,140.486,0.150,,,,,,,,,,,,,,,
128,1,128,8,2048,768,512,32,234.695,0.370,140.853,0.301,,,,,,,,,,,,,,,
128,4,32,8,2048,768,16,4,59.507,0.041,42.530,0.028,,,,,,,,,,,,,,,
128,4,32,8,2048,768,32,8,59.419,0.083,42.401,0.059,,,,,,,,,,,,,,,
128,4,32,8,2048,768,64,16,59.56,0.185,42.218,0.122,,,,,,,,,,,,,,,
128,4,32,8,2048,768,128,32,59.686,0.357,42.115,0.258,,,,,,,,,,,,,,,
128,4,32,8,2048,768,256,64,89.422,0.478,58.502,0.369,,,,,,,,,,,,,,,
128,4,32,8,2048,768,512,128,157.27,0.585,101.959,0.447,,,,,,,,,,,,,,,
128,8,16,8,2048,768,16,8,33.616,0.080,22.887,0.055,,,,,,,,,,,,,,,
128,8,16,8,2048,768,32,16,33.503,0.155,22.865,0.112,,,,,,,,,,,,,,,
128,8,16,8,2048,768,64,32,33.591,0.320,22.919,0.230,,,,,,,,,,,,,,,
128,8,16,8,2048,768,128,64,42.622,0.476,34.075,0.307,,,,,,,,,,,,,,,
128,8,16,8,2048,768,256,128,85.049,0.512,51.244,0.425,,,,,,,,,,,,,,,
128,8,16,8,2048,768,512,256,174.913,0.500,86.576,0.468,,,,,,,,,,,,,,,
128,16,8,8,2048,768,16,16,19.884,0.134,12.842,0.097,,,,,,,,,,,,,,,
128,16,8,8,2048,768,32,32,19.925,0.249,12.860,0.199,,,,,,,,,,,,,,,
128,16,8,8,2048,768,64,64,27.106,0.405,20.142,0.281,,,,,,,,,,,,,,,
128,16,8,8,2048,768,128,128,60.634,0.374,32.832,0.365,,,,,,,,,,,,,,,
128,16,8,8,2048,768,256,256,110.421,0.407,58.263,0.367,,,,,,,,,,,,,,,
128,16,8,8,2048,768,512,512,140.457,0.596,72.929,0.594,,,,,,,,,,,,,,,
128,32,4,8,2048,768,16,32,12.225,0.214,8.434,0.171,,,,,,,,,,,,,,,
128,32,4,8,2048,768,32,64,19.143,0.283,11.989,0.246,,,,,,,,,,,,,,,
128,32,4,8,2048,768,64,128,32.644,0.322,18.574,0.289,,,,,,,,,,,,,,,
128,32,4,8,2048,768,128,256,58.153,0.348,31.505,0.356,,,,,,,,,,,,,,,
128,32,4,8,2048,768,256,512,85.166,0.537,44.488,0.541,,,,,,,,,,,,,,,
128,32,4,8,2048,768,512,1024,141.057,0.676,58.327,0.633,,,,,,,,,,,,,,,
128,64,2,8,2048,768,16,64,8.155,0.255,8.544,0.154,,,,,,,,,,,,,,,
128,64,2,8,2048,768,32,128,17.002,0.395,7.934,0.276,,,,,,,,,,,,,,,
128,64,2,8,2048,768,64,256,29.81,0.384,11.349,0.403,,,,,,,,,,,,,,,
128,64,2,8,2048,768,128,512,58.076,0.383,31.594,0.346,,,,,,,,,,,,,,,
128,64,2,8,2048,768,256,1024,84.705,0.591,45.003,0.535,,,,,,,,,,,,,,,
128,64,2,8,2048,768,512,2048,106.795,0.716,71.414,0.670,,,,,,,,,,,,,,,
128,128,1,8,2048,768,16,128,11.604,0.288,7.912,0.191,,,,,,,,,,,,,,,
128,128,1,8,2048,768,32,256,16.807,0.333,11.094,0.284,,,,,,,,,,,,,,,
128,128,1,8,2048,768,64,512,16.539,0.562,17.826,0.387,,,,,,,,,,,,,,,
128,128,1,8,2048,768,128,1024,57.864,0.387,17.418,0.482,,,,,,,,,,,,,,,
128,128,1,8,2048,768,256,2048,84.276,0.597,44.473,0.562,,,,,,,,,,,,,,,
128,128,1,8,2048,768,512,4096,106.269,0.645,58.077,0.678,,,,,,,,,,,,,,,
128,1,128,8,4096,1536,16,1,384.431,0.013,235.258,0.012,,,,,,,,,,,,,,,
128,1,128,8,4096,1536,32,2,828.535,0.021,445.634,0.019,,,,,,,,,,,,,,,
128,1,128,8,4096,1536,64,4,829.383,0.044,445.441,0.043,,,,,,,,,,,,,,,
128,1,128,8,4096,1536,128,8,829.016,0.098,446.304,0.089,,,,,,,,,,,,,,,
128,1,128,8,4096,1536,256,16,829.552,0.198,445.450,0.189,,,,,,,,,,,,,,,
128,1,128,8,4096,1536,512,32,828.88,0.419,446.510,0.380,,,,,,,,,,,,,,,
128,4,32,8,4096,1536,16,4,228.816,0.043,117.944,0.041,,,,,,,,,,,,,,,
128,4,32,8,4096,1536,32,8,228.69,0.086,118.072,0.085,,,,,,,,,,,,,,,
128,4,32,8,4096,1536,64,16,228.694,0.193,117.851,0.174,,,,,,,,,,,,,,,
128,4,32,8,4096,1536,128,32,228.915,0.372,117.933,0.368,,,,,,,,,,,,,,,
128,4,32,8,4096,1536,256,64,326.502,0.523,165.520,0.521,,,,,,,,,,,,,,,
128,4,32,8,4096,1536,512,128,647.163,0.569,307.292,0.594,,,,,,,,,,,,,,,
128,8,16,8,4096,1536,16,8,105.063,0.103,62.945,0.080,,,,,,,,,,,,,,,
128,8,16,8,4096,1536,32,16,105.342,0.198,62.938,0.162,,,,,,,,,,,,,,,
128,8,16,8,4096,1536,64,32,105.18,0.408,62.923,0.334,,,,,,,,,,,,,,,
128,8,16,8,4096,1536,128,64,143.469,0.565,88.969,0.470,,,,,,,,,,,,,,,
128,8,16,8,4096,1536,256,128,292.639,0.596,159.705,0.545,,,,,,,,,,,,,,,
128,8,16,8,4096,1536,512,256,570.375,0.613,280.121,0.578,,,,,,,,,,,,,,,
128,16,8,8,4096,1536,16,16,57.749,0.184,34.699,0.143,,,,,,,,,,,,,,,
128,16,8,8,4096,1536,32,32,57.555,0.344,34.645,0.296,,,,,,,,,,,,,,,
128,16,8,8,4096,1536,64,64,92.319,0.476,52.141,0.435,,,,,,,,,,,,,,,
128,16,8,8,4096,1536,128,128,157.301,0.576,98.598,0.487,,,,,,,,,,,,,,,
128,16,8,8,4096,1536,256,256,334.947,0.537,183.569,0.466,,,,,,,,,,,,,,,
128,16,8,8,4096,1536,512,512,456.528,0.734,264.657,0.655,,,,,,,,,,,,,,,
128,32,4,8,4096,1536,16,32,30.869,0.339,20.174,0.287,,,,,,,,,,,,,,,
128,32,4,8,4096,1536,32,64,43.398,0.500,35.066,0.336,,,,,,,,,,,,,,,
128,32,4,8,4096,1536,64,128,77.518,0.543,44.554,0.482,,,,,,,,,,,,,,,
128,32,4,8,4096,1536,128,256,146.382,0.554,81.074,0.553,,,,,,,,,,,,,,,
128,32,4,8,4096,1536,256,512,270.716,0.675,156.766,0.614,,,,,,,,,,,,,,,
128,32,4,8,4096,1536,512,1024,456.572,0.835,206.141,0.717,,,,,,,,,,,,,,,
128,64,2,8,4096,1536,16,64,17.341,0.480,18.864,0.279,,,,,,,,,,,,,,,
128,64,2,8,4096,1536,32,128,52.396,0.513,18.029,0.486,,,,,,,,,,,,,,,
128,64,2,8,4096,1536,64,256,98.495,0.464,30.522,0.599,,,,,,,,,,,,,,,
128,64,2,8,4096,1536,128,512,146.006,0.610,81.649,0.536,,,,,,,,,,,,,,,
128,64,2,8,4096,1536,256,1024,303.883,0.659,133.183,0.723,,,,,,,,,,,,,,,
128,64,2,8,4096,1536,512,2048,380.489,0.804,262.984,0.728,,,,,,,,,,,,,,,
128,128,1,8,4096,1536,16,128,29.489,0.453,18.544,0.326,,,,,,,,,,,,,,,
128,128,1,8,4096,1536,32,256,52.159,0.429,30.338,0.415,,,,,,,,,,,,,,,
128,128,1,8,4096,1536,64,512,51.27,0.725,55.428,0.498,,,,,,,,,,,,,,,
128,128,1,8,4096,1536,128,1024,145.656,0.615,54.887,0.612,,,,,,,,,,,,,,,
128,128,1,8,4096,1536,256,2048,268.416,0.750,131.710,0.759,,,,,,,,,,,,,,,
128,128,1,8,4096,1536,512,4096,305.31,0.899,206.409,0.763,,,,,,,,,,,,,,,
256,1,256,8,2048,512,64,2,329.463,0.016473,189.801,0.014147,,,,,,,,,,,,,,,
256,1,256,8,2048,512,128,4,327.223,0.039276,189.934,0.034132,,,,,,,,,,,,,,,
256,1,256,8,2048,512,256,8,329.982,0.083307,190.27,0.070786,,,,,,,,,,,,,,,
256,1,256,8,2048,512,512,16,328.105,0.170849,190.243,0.144461,,,,,,,,,,,,,,,
256,2,256,8,3072,512,168,5,345.246,0.07,172.142,0.07,,,,,,,,,,,,,,,
512,2,256,10,2048,512,512,20,358.743,0.197,200.479,0.176,,,,,,,,,,,,,,,
512,2,256,10,2048,512,1024,40,358.041,0.404,200.552,0.361,,,,,,,,,,,,,,,
512,4,128,10,2048,512,256,20,180.906,0.194,104.007,0.172,,,,,,,,,,,,,,,
512,4,128,10,2048,512,512,40,181.534,0.389,103.917,0.341,,,,,,,,,,,,,,,
512,4,128,10,2048,512,1024,80,329.678,0.444,179.019,0.404,,,,,,,,,,,,,,,
512,8,64,10,2048,512,128,20,92.857,0.19,56.404,0.156,,,,,,,,,,,,,,,
512,8,64,10,2048,512,256,40,93.087,0.383,56.294,0.32,,,,,,,,,,,,,,,
512,8,64,10,2048,512,512,80,167.322,0.438,93.463,0.374,,,,,,,,,,,,,,,
512,8,64,10,2048,512,1024,160,292.264,0.494,140.759,0.505,,,,,,,,,,,,,,,
384,8,384,6,7168,384,16,0,147.767,0.04833,131.826,0.027087,279.593,0.038315,cutlass_grouped_gemm_pair_production_nsys_graph,flashinfer_mxfp4_sm90,bf16,mxfp4_e2m1,148.0,8,1,16,graph,,,production_sglang_dsv4,10.0
